url,category,lang
https://ko.wikipedia.org/wiki/%EA%B8%B0%ED%9B%84%EB%B3%80%ED%99%94,science,ko
https://ko.wikipedia.org/wiki/2022%EB%85%84_%EB%8C%80%ED%95%9C%EB%AF%BC%EA%B5%AD%EC%9D%98_%EA%BF%80%EB%B2%8C_%EC%8B%A4%EC%A2%85,science,ko
https://ko.wikipedia.org/wiki/SRREN,science,ko
https://ko.wikipedia.org/wiki/%EA%B7%B9_%EC%A6%9D%ED%8F%AD,science,ko
https://ko.wikipedia.org/wiki/%EA%B8%B0%ED%9B%84_%EA%B3%B5%ED%95%99,science,ko
https://ko.wikipedia.org/wiki/%EA%B8%B0%ED%9B%84_%EB%B3%80%ED%99%94_%ED%95%99%EA%B3%84%EC%9D%98_%EC%97%AD%EC%82%AC,science,ko
https://ko.wikipedia.org/wiki/%EA%B8%B0%ED%9B%84_%EB%B3%80%ED%99%94%EC%9D%98_%EC%9B%90%EC%9D%B8,science,ko
https://ko.wikipedia.org/wiki/%EA%B8%B0%ED%9B%84_%EB%B9%84%EC%83%81_%EC%84%A0%EC%96%B8,science,ko
https://ko.wikipedia.org/wiki/%EA%B8%B0%ED%9B%84%EB%B3%80%ED%99%94_%EC%A0%81%EC%9D%91,science,ko
https://ko.wikipedia.org/wiki/%EA%B8%B0%ED%9B%84%EB%B3%80%ED%99%94%EC%99%80_%EB%8F%84%EC%8B%9C,science,ko
https://ko.wikipedia.org/wiki/%EA%B8%B0%ED%9B%84%EC%9C%84%EA%B8%B0,science,ko
https://ko.wikipedia.org/wiki/%EB%8C%80%EA%B8%B0_%EB%8C%80%EC%88%9C%ED%99%98_%EB%AA%A8%ED%98%95,science,ko
https://ko.wikipedia.org/wiki/%EB%8C%80%EA%B8%B0_%EB%AA%A8%EB%8D%B8,science,ko
https://ko.wikipedia.org/wiki/%EB%8C%80%ED%95%9C%EB%AF%BC%EA%B5%AD%EC%9D%98_%EA%B8%B0%ED%9B%84_%EB%B3%80%ED%99%94,science,ko
https://ko.wikipedia.org/wiki/%EC%84%B8%EA%B3%84_%EC%98%A8%EB%8F%84_%EA%B8%B0%EB%A1%9D,science,ko
https://ko.wikipedia.org/wiki/%EC%98%A8%EC%8B%A4_%EA%B8%B0%EC%B2%B4_%EB%B0%B0%EC%B6%9C,science,ko
https://ko.wikipedia.org/wiki/%EC%98%A8%EC%8B%A4_%ED%9A%A8%EA%B3%BC,science,ko
https://ko.wikipedia.org/wiki/%EC%9D%BC%EB%B3%B8%EC%9D%98_%EA%B8%B0%ED%9B%84_%EB%B3%80%ED%99%94,science,ko
https://ko.wikipedia.org/wiki/%EC%A4%91%EA%B5%AD%EC%9D%98_%EA%B8%B0%ED%9B%84_%EB%B3%80%ED%99%94,science,ko
https://ko.wikipedia.org/wiki/%EC%A7%80%EA%B5%AC_%ED%91%9C%EB%A9%B4_%EC%98%A8%EB%8F%84,science,ko
https://ko.wikipedia.org/wiki/%EC%A7%80%EA%B5%AC_%ED%95%9C%EB%9E%AD%ED%99%94,science,ko
https://ko.wikipedia.org/wiki/%EC%A7%80%EA%B5%AC%EC%9D%8C%EC%95%94%ED%99%94,science,ko
https://ko.wikipedia.org/wiki/%EB%8C%80%ED%95%9C%EB%AF%BC%EA%B5%AD%EC%9D%98_%EA%B8%B0%ED%9B%84,korea,ko
https://ko.wikipedia.org/wiki/%EC%82%BC%ED%95%9C%EC%82%AC%EC%98%A8,korea,ko
https://ko.wikipedia.org/wiki/%EC%84%9C%EC%9A%B8%ED%8A%B9%EB%B3%84%EC%8B%9C%EC%9D%98_%EA%B8%B0%ED%9B%84,korea,ko
https://ko.wikipedia.org/wiki/%EC%96%91%EA%B0%84%EC%A7%80%ED%92%8D,korea,ko
https://ko.wikipedia.org/wiki/%EC%9E%A5%EB%A7%88,korea,ko
https://ko.wikipedia.org/wiki/%ED%99%A9%EC%82%AC,korea,ko
https://ko.wikipedia.org/wiki/1984%EB%85%84_%ED%95%9C%EB%B0%98%EB%8F%84_%ED%99%8D%EC%88%98,korea,ko
https://ko.wikipedia.org/wiki/1990%EB%85%84_%ED%95%9C%EA%B0%95_%EB%8C%80%ED%99%8D%EC%88%98,korea,ko
https://ko.wikipedia.org/wiki/2017%EB%85%84_%ED%95%9C%EA%B5%AD_%EC%A4%91%EB%B6%80_%EC%A7%91%EC%A4%91%ED%98%B8%EC%9A%B0,korea,ko
https://ko.wikipedia.org/wiki/2020%EB%85%84_%ED%95%9C%EA%B5%AD_%EC%A7%91%EC%A4%91%ED%98%B8%EC%9A%B0,korea,ko
https://ko.wikipedia.org/wiki/2023%EB%85%84_%EC%97%AC%EB%A6%84_%ED%95%9C%EB%B0%98%EB%8F%84_%EC%A7%91%EC%A4%91%ED%98%B8%EC%9A%B0,korea,ko
https://ko.wikipedia.org/wiki/%EA%B6%81%ED%8F%892%EC%A7%80%ED%95%98%EC%B0%A8%EB%8F%84_%EC%B9%A8%EC%88%98_%EC%82%AC%EA%B3%A0,korea,ko
https://ko.wikipedia.org/wiki/%EA%B8%88%EA%B0%95%ED%99%8D%EC%88%98%ED%86%B5%EC%A0%9C%EC%86%8C,korea,ko
https://ko.wikipedia.org/wiki/%EB%82%99%EB%8F%99%EA%B0%95%ED%99%8D%EC%88%98%ED%86%B5%EC%A0%9C%EC%86%8C,korea,ko
https://ko.wikipedia.org/wiki/2014%EB%85%84_8%EC%9B%94_%ED%95%9C%EA%B5%AD_%EB%82%A8%EB%B6%80_%EC%A7%91%EC%A4%91%ED%98%B8%EC%9A%B0,korea,ko
https://ko.wikipedia.org/wiki/%EC%98%81%EC%82%B0%EA%B0%95%ED%99%8D%EC%88%98%ED%86%B5%EC%A0%9C%EC%86%8C,korea,ko
https://ko.wikipedia.org/wiki/%ED%95%9C%EA%B0%95%ED%99%8D%EC%88%98%ED%86%B5%EC%A0%9C%EC%86%8C,korea,ko
https://ko.wikipedia.org/wiki/2010%EB%85%84_9%EC%9B%94_21%EC%9D%BC_%ED%95%9C%EA%B5%AD_%EC%A4%91%EB%B6%80_%EC%A7%91%EC%A4%91%ED%98%B8%EC%9A%B0,korea,ko
https://ko.wikipedia.org/wiki/2011%EB%85%84_7%EC%9B%94_%ED%95%9C%EA%B5%AD_%EC%A4%91%EB%B6%80_%EC%A7%91%EC%A4%91%ED%98%B8%EC%9A%B0,korea,ko
https://ko.wikipedia.org/wiki/2022%EB%85%84_%ED%95%9C%EA%B5%AD_%EC%A4%91%EB%B6%80_%EC%A7%91%EC%A4%91%ED%98%B8%EC%9A%B0,korea,ko
https://ko.wikipedia.org/wiki/1996%EB%85%84_%EA%B3%A0%EC%84%B1_%EC%82%B0%EB%B6%88,korea,ko
https://ko.wikipedia.org/wiki/2000%EB%85%84_%EB%8F%99%ED%95%B4%EC%95%88_%EC%82%B0%EB%B6%88,korea,ko
https://ko.wikipedia.org/wiki/2005%EB%85%84_%EC%96%91%EC%96%91_%EC%82%B0%EB%B6%88,korea,ko
https://ko.wikipedia.org/wiki/2019%EB%85%84_%EA%B0%95%EC%9B%90%EB%8F%84_%EC%82%B0%EB%B6%88,korea,ko
https://ko.wikipedia.org/wiki/2019%EB%85%84_%EB%8C%80%EC%A0%84_%EC%82%B0%EB%B6%88,korea,ko
https://ko.wikipedia.org/wiki/2019%EB%85%84_%EB%B6%80%EC%82%B0_%EC%82%B0%EB%B6%88,korea,ko
https://ko.wikipedia.org/wiki/2020%EB%85%84_%EA%B3%A0%EC%84%B1_%EC%82%B0%EB%B6%88,korea,ko
https://ko.wikipedia.org/wiki/2020%EB%85%84_%EC%95%88%EB%8F%99_%EC%82%B0%EB%B6%88,korea,ko
https://ko.wikipedia.org/wiki/2020%EB%85%84_%EC%9D%B8%EC%B2%9C_%EC%82%B0%EB%B6%88,korea,ko
https://ko.wikipedia.org/wiki/2020%EB%85%84_%EC%B6%98%EC%B2%9C_%EC%82%B0%EB%B6%88,korea,ko
https://ko.wikipedia.org/wiki/2022%EB%85%84_%EB%8F%99%ED%95%B4%EC%95%88_%EC%82%B0%EB%B6%88,korea,ko
https://ko.wikipedia.org/wiki/2022%EB%85%84_%EC%9A%B8%EC%A7%84-%EC%82%BC%EC%B2%99_%EC%82%B0%EB%B6%88,korea,ko
https://ko.wikipedia.org/wiki/2025%EB%85%84_%EB%8C%80%EA%B5%AC_%EB%B6%81%EA%B5%AC_%EC%82%B0%EB%B6%88,korea,ko
https://ko.wikipedia.org/wiki/2025%EB%85%84_%EB%8C%80%ED%95%9C%EB%AF%BC%EA%B5%AD_%EC%82%B0%EB%B6%88,korea,ko
https://ko.wikipedia.org/wiki/2025%EB%85%84_%EC%9D%98%EC%84%B1-%EC%95%88%EB%8F%99_%EC%82%B0%EB%B6%88,korea,ko
https://ko.wikipedia.org/wiki/2026%EB%85%84_%EC%9D%98%EC%84%B1_%EC%82%B0%EB%B6%88,korea,ko
https://ko.wikipedia.org/wiki/%EA%B0%95%EC%9B%90%ED%8A%B9%EB%B3%84%EC%9E%90%EC%B9%98%EB%8F%84%EB%8F%99%ED%95%B4%EC%95%88%EC%82%B0%EB%B6%88%EB%B0%A9%EC%A7%80%EC%84%BC%ED%84%B0,korea,ko
https://ko.wikipedia.org/wiki/%ED%99%94%EC%99%95%EC%82%B0_%EC%96%B5%EC%83%88%ED%83%9C%EC%9A%B0%EA%B8%B0,korea,ko
https://ko.wikipedia.org/wiki/%EC%8B%A4%EB%A1%9C%EC%95%94_%EC%9A%94%EC%96%91%EC%9B%90_%EC%82%B0%EC%82%AC%ED%83%9C,korea,ko
https://ko.wikipedia.org/wiki/%EC%B4%88%EC%95%88%EC%82%B0_%EC%82%B0%EC%82%AC%ED%83%9C,korea,ko
https://ko.wikipedia.org/wiki/2011%EB%85%84_%EC%B6%98%EC%B2%9C_%EC%82%B0%EC%82%AC%ED%83%9C,korea,ko
https://ko.wikipedia.org/wiki/2009%EB%85%84_%EC%9C%A0%EC%97%94_%EA%B8%B0%ED%9B%84_%EB%B3%80%ED%99%94_%ED%9A%8C%EC%9D%98,international,ko
https://ko.wikipedia.org/wiki/2012%EB%85%84_%EC%9C%A0%EC%97%94_%EA%B8%B0%ED%9B%84_%EB%B3%80%ED%99%94_%ED%9A%8C%EC%9D%98,international,ko
https://ko.wikipedia.org/wiki/2013%EB%85%84_%EC%9C%A0%EC%97%94_%EA%B8%B0%ED%9B%84_%EB%B3%80%ED%99%94_%ED%9A%8C%EC%9D%98,international,ko
https://ko.wikipedia.org/wiki/2015%EB%85%84_%EC%9C%A0%EC%97%94_%EA%B8%B0%ED%9B%84_%EB%B3%80%ED%99%94_%ED%9A%8C%EC%9D%98,international,ko
https://ko.wikipedia.org/wiki/2022%EB%85%84_%EC%9C%A0%EC%97%94_%EA%B8%B0%ED%9B%84%EB%B3%80%ED%99%94_%ED%9A%8C%EC%9D%98,international,ko
https://ko.wikipedia.org/wiki/%EC%9C%A0%EC%97%94%EA%B8%B0%ED%9B%84%EB%B3%80%ED%99%94%ED%98%91%EC%95%BD_%EB%8B%B9%EC%82%AC%EA%B5%AD%EC%B4%9D%ED%9A%8C,international,ko
https://en.wikipedia.org/wiki/1995_United_Nations_Climate_Change_Conference,international,en
https://en.wikipedia.org/wiki/1996_United_Nations_Climate_Change_Conference,international,en
https://en.wikipedia.org/wiki/1997_United_Nations_Climate_Change_Conference,international,en
https://en.wikipedia.org/wiki/1998_United_Nations_Climate_Change_Conference,international,en
https://en.wikipedia.org/wiki/1999_United_Nations_Climate_Change_Conference,international,en
https://en.wikipedia.org/wiki/2000_United_Nations_Climate_Change_Conference,international,en
https://en.wikipedia.org/wiki/2001_United_Nations_Climate_Change_Conference,international,en
https://en.wikipedia.org/wiki/2002_United_Nations_Climate_Change_Conference,international,en
https://en.wikipedia.org/wiki/2003_United_Nations_Climate_Change_Conference,international,en
https://en.wikipedia.org/wiki/2004_United_Nations_Climate_Change_Conference,international,en
https://en.wikipedia.org/wiki/2005_United_Nations_Climate_Change_Conference,international,en
https://en.wikipedia.org/wiki/2006_United_Nations_Climate_Change_Conference,international,en
https://en.wikipedia.org/wiki/2007_United_Nations_Climate_Change_Conference,international,en
https://en.wikipedia.org/wiki/2008_United_Nations_Climate_Change_Conference,international,en
https://en.wikipedia.org/wiki/2010_United_Nations_Climate_Change_Conference,international,en
https://en.wikipedia.org/wiki/2011_United_Nations_Climate_Change_Conference,international,en
https://en.wikipedia.org/wiki/2014_United_Nations_Climate_Change_Conference,international,en
https://en.wikipedia.org/wiki/2016_United_Nations_Climate_Change_Conference,international,en
https://en.wikipedia.org/wiki/2017_United_Nations_Climate_Change_Conference,international,en
https://en.wikipedia.org/wiki/2018_United_Nations_Climate_Change_Conference,international,en
https://en.wikipedia.org/wiki/2019_United_Nations_Climate_Change_Conference,international,en
https://en.wikipedia.org/wiki/2021_United_Nations_Climate_Change_Conference,international,en
https://en.wikipedia.org/wiki/2023_United_Nations_Climate_Change_Conference,international,en
https://en.wikipedia.org/wiki/2024_United_Nations_Climate_Change_Conference,international,en
https://en.wikipedia.org/wiki/2025_United_Nations_Climate_Change_Conference,international,en
https://en.wikipedia.org/wiki/2026_United_Nations_Climate_Change_Conference,international,en
https://en.wikipedia.org/wiki/John_Tyndall,science,en
https://en.wikipedia.org/wiki/G.S._Callendar,science,en
https://en.wikipedia.org/wiki/Charney_Report,science,en
https://en.wikipedia.org/wiki/James_Hansen,science,en
https://en.wikipedia.org/wiki/Senate_Hearing_of_James_E._Hansen_%281988%29,science,en
https://en.wikipedia.org/wiki/Earth_Summit,international,en
