# 전 지구 기온 편차 — 산업화 이전(1850-1900) 대비, 연평균, °C
#
# 출처: HadCRUT.5.1.0.0 (Met Office Hadley Centre, 영국 기상청 관측 계열)
#   원본: https://www.metoffice.gov.uk/hadobs/hadcrut5/data/HadCRUT.5.1.0.0/analysis/diagnostics/HadCRUT.5.1.0.0.analysis.summary_series.global.annual.csv
#   원본 기준기간: 1961-1990. 여기서는 같은 파일의 1850-1900년(51개년) 평균(-0.357°C, 1961-1990
#   대비)을 빼서 1850-1900 기준으로 다시 잡았다 — Copernicus/IPCC가 "산업화 이전 대비" 수치를
#   낼 때 쓰는 것과 같은 재기준(re-baseline) 방식이다.
#   Copernicus C3S(ERA5) 계열도 1850-1900 대비로 발표하지만 1940년 이후 자료만 있어(ERA5 자체가
#   1940년 시작), 1824년부터 시작하는 이 타임라인 전체를 못 덮는다 — 그래서 1850년부터 있는
#   HadCRUT5를 썼다. 실측 자료이며 PLACEHOLDER 아님.
# 기준기간: 1850-1900
# 가져온 날짜: 2026-09-27
# 주의: 2026년 값은 그 해의 일부 달까지만 반영된 잠정치다(빌드 시점 기준, 매년 갱신 필요).
# 주의: HadCRUT5는 관측소가 드문 북극권 커버리지가 낮아, Copernicus/ERA5 기반 수치(예: 2024년
#   +1.6°C대)보다 대체로 조금 낮게 나온다 — 두 계열의 정상적인 차이이며 이 파일의 오류가 아니다.
year,anomaly_c
1850,-0.069
1851,0.094
1852,0.133
1853,0.095
1854,0.064
1855,0.066
1856,0.029
1857,-0.108
1858,-0.039
1859,0.065
1860,-0.050
1861,-0.106
1862,-0.197
1863,-0.025
1864,-0.137
1865,-0.035
1866,-0.043
1867,-0.042
1868,-0.006
1869,0.039
1870,0.030
1871,-0.016
1872,0.048
1873,0.036
1874,-0.008
1875,-0.009
1876,-0.053
1877,0.275
1878,0.368
1879,0.069
1880,0.054
1881,0.144
1882,0.085
1883,0.030
1884,-0.117
1885,-0.101
1886,-0.051
1887,-0.131
1888,-0.015
1889,0.107
1890,-0.143
1891,-0.040
1892,-0.149
1893,-0.138
1894,-0.121
1895,-0.084
1896,0.079
1897,0.103
1898,-0.117
1899,0.013
1900,0.127
1901,0.070
1902,-0.080
1903,-0.178
1904,-0.240
1905,-0.049
1906,0.042
1907,-0.142
1908,-0.149
1909,-0.176
1910,-0.165
1911,-0.182
1912,-0.119
1913,-0.106
1914,0.098
1915,0.167
1916,-0.063
1917,-0.187
1918,-0.069
1919,0.025
1920,0.053
1921,0.116
1922,0.019
1923,0.043
1924,0.049
1925,0.078
1926,0.235
1927,0.132
1928,0.149
1929,-0.033
1930,0.187
1931,0.252
1932,0.207
1933,0.029
1934,0.180
1935,0.144
1936,0.186
1937,0.341
1938,0.344
1939,0.316
1940,0.431
1941,0.392
1942,0.357
1943,0.364
1944,0.502
1945,0.400
1946,0.235
1947,0.261
1948,0.228
1949,0.203
1950,0.118
1951,0.285
1952,0.368
1953,0.434
1954,0.240
1955,0.159
1956,0.092
1957,0.322
1958,0.341
1959,0.311
1960,0.244
1961,0.343
1962,0.299
1963,0.326
1964,0.055
1965,0.155
1966,0.212
1967,0.242
1968,0.193
1969,0.330
1970,0.273
1971,0.153
1972,0.267
1973,0.410
1974,0.189
1975,0.251
1976,0.147
1977,0.462
1978,0.363
1979,0.445
1980,0.549
1981,0.604
1982,0.388
1983,0.578
1984,0.403
1985,0.403
1986,0.450
1987,0.596
1988,0.635
1989,0.532
1990,0.712
1991,0.691
1992,0.477
1993,0.518
1994,0.585
1995,0.728
1996,0.628
1997,0.772
1998,0.929
1999,0.675
2000,0.683
2001,0.841
2002,0.895
2003,0.896
2004,0.820
2005,0.960
2006,0.924
2007,0.943
2008,0.817
2009,0.947
2010,1.031
2011,0.890
2012,0.929
2013,0.976
2014,1.025
2015,1.175
2016,1.282
2017,1.194
2018,1.111
2019,1.245
2020,1.274
2021,1.125
2022,1.159
2023,1.467
2024,1.526
2025,1.405
2026,1.399
