type,ref,registered,title,host_parties,other_parties,methodologies,reductions,url
PoA,10610,2020-09-28,The Uganda Improved Cookstove and Water Purifier Project by the Korea East-West Power Company,Uganda,,AMS-III.AV. ver. 8; AMS-II.G. ver. 11,0,https://cdm.unfccc.int/ProgrammeOfActivities/gotoPoA?id=8SKMFQCXW62B7ZUYHVTIGOJL1PDRE3
PoA,10576,2020-06-01,Ghana Improved Cookstove Project by EWP in Republic of Korea,Ghana,,AMS-II.G. ver. 10,0,https://cdm.unfccc.int/ProgrammeOfActivities/gotoPoA?id=ZYM1P30K5WINT7AFXVEBQJU6CRGO24
PoA,10564,2020-03-05,Improved cookstove program for the sustainable development of Madagascar,Madagascar,,AMS-II.G. ver. 10,0,https://cdm.unfccc.int/ProgrammeOfActivities/gotoPoA?id=C47T1HFVRM52NQPU8LIY6GDOK9ESWA
PoA,10538,2019-11-22,Development of a sustainable drinking water supply platform based on clean development mechanism,Bangladesh,,AMS-III.AV. ver. 6,0,https://cdm.unfccc.int/ProgrammeOfActivities/gotoPoA?id=2O0W8I19AQKCL6HNU7V5ESF4RJM3TX
PoA,10471,2019-03-25,The Project of CCC program of Activities (PoA) for Distribution of Improved Cookstoves (ICS) in Developing South and Southeast Asia Countries (Myanmar),Myanmar,Republic of Korea,AMS-II.G. ver. 9,21656,https://cdm.unfccc.int/ProgrammeOfActivities/gotoPoA?id=LGABR9Q0JYH68VN5WI7MUXTEKDCSOP
PoA,10415,2018-08-28,Clean Energy Program Supported by Republic of Korea,Myanmar,,AMS-II.G. ver. 8,25515,https://cdm.unfccc.int/ProgrammeOfActivities/gotoPoA?id=BQ0WHAOXJLK25SCPVF4GZ97ER6MD1N
PoA,10431,2018-06-23,Improved cookstove program in Bangladesh supported by the Republic of Korea,Bangladesh,Republic of Korea,AMS-II.G. ver. 8,0,https://cdm.unfccc.int/ProgrammeOfActivities/gotoPoA?id=42JAZDVK0OEHNFRX85C9LQUWMTB71Y
PoA,10430,2018-05-31,Man and Man Enterprise Improved Cooking Stoves CDM Programme in Ghana supported by Republic of Korea,Ghana,Republic of Korea,AMS-II.G. ver. 8,1,https://cdm.unfccc.int/ProgrammeOfActivities/gotoPoA?id=KQXLWC1G6IEY8OHVDFU9S27T5ZNMRP
PoA,9889,2015-09-09,PoA for Promotion of the Improved Water Mills (IWM) in Nepal,Nepal,Sweden,AMS-I.B. ver. 12,11022,https://cdm.unfccc.int/ProgrammeOfActivities/gotoPoA?id=93J80QPO5I7HEA2S4KUZ1DWMCNBXL6
PoA,10186,2015-08-28,Accelerating Electrification through Grid Extension and Off-Grid Electrification in Rural Areas of Uganda,Uganda,Switzerland; Sweden,AMS-III.AR. ver. 5; AMS-I.L. ver. 3; AMS-III.BB. ver. 2,64000,https://cdm.unfccc.int/ProgrammeOfActivities/gotoPoA?id=COMRQ5GSBJV034ID2P6W8LYZFE9UNA
PoA,9902,2015-03-27,Promotion of the Improved Cooking Stove (ICS) – Nepal,Nepal,Sweden,AMS-II.G. ver. 6,33770,https://cdm.unfccc.int/ProgrammeOfActivities/gotoPoA?id=RINY1D5VQT8SBMKXEGLU049C62H7AZ
PoA,9956,2014-07-22,"Up Energy Improved Cookstove Programme, Uganda",Uganda,Republic of Korea; Sweden; Norway,AMS-II.G. ver. 5,44874,https://cdm.unfccc.int/ProgrammeOfActivities/gotoPoA?id=WRL90IO62SKX4BD5CYJT8E1HVZ7QUM
PoA,9941,2014-05-21,Programme of Activities for Local Improved Cookstoves in West Africa,Mali; Benin,,AMS-II.G. ver. 5,105362,https://cdm.unfccc.int/ProgrammeOfActivities/gotoPoA?id=0L8XVMFJIRTNKHZG1D56QECSBW4PYU
PoA,9572,2013-01-31,Nepal Biogas Support Program-PoA,Nepal,Germany,AMS-I.E. ver. 4,61510,https://cdm.unfccc.int/ProgrammeOfActivities/gotoPoA?id=7BSCYZMH2U05TWXFJKELND18PRQ96O
PoA,5962,2012-11-16,International water purification programme,Ethiopia; El Salvador; Chile; Egypt; Kenya; Gambia; Madagascar; Nicaragua; Mexico; South Africa; Uganda; Viet Nam; Iran (Islamic Republic of); Cambodia; Malawi,Switzerland,AMS-III.AV. ver. 5,6254,https://cdm.unfccc.int/ProgrammeOfActivities/gotoPoA?id=RG9OBX48DCT65YUZV03A7KELJ2SMFW
PA,10749,2023-08-03,Energy efficient equipment in mix use LE PARC project,Ecuador,,AMS-II.C. ver. 15,1768,https://cdm.unfccc.int/Projects/gotoProj?id=ICONTEC1678484342.04
PA,10632,2020-12-23,Hasang Hydro Electric Power Plant,Indonesia,,ACM0002 ver. 20,216320,https://cdm.unfccc.int/Projects/gotoProj?id=EPIC_Sust1608102848.83
PA,10562,2020-07-31,Reducing Gas Leakages within the Pashchimanchal Gas Distribution Network in Bangladesh,Bangladesh,Republic of Korea,AM0023 ver. 4,99868,https://cdm.unfccc.int/Projects/gotoProj?id=RINA1583328291.33
PA,10561,2020-07-31,Reducing Gas Leakages within the Jalalabad Gas Distribution Network in Bangladesh,Bangladesh,Republic of Korea,AM0023 ver. 4,447367,https://cdm.unfccc.int/Projects/gotoProj?id=RINA1583318622.49
PA,10560,2020-07-31,Reducing Gas Leakages within the Karnaphuli Gas Distribution Network in Bangladesh,Bangladesh,Republic of Korea,AM0023 ver. 4,945623,https://cdm.unfccc.int/Projects/gotoProj?id=RINA1583158638.05
PA,10559,2020-07-31,Reducing Gas Leakages within the Bakhrabad Gas Distribution Network in Bangladesh,Bangladesh,Republic of Korea,AM0023 ver. 4,2441426,https://cdm.unfccc.int/Projects/gotoProj?id=RINA1583155371.9
PA,10472,2019-04-01,Mangdechhu Hydroelectric Project Authority,Bhutan,,ACM0002 ver. 19,2421268,https://cdm.unfccc.int/Projects/gotoProj?id=BVQI1554122442.49
PA,10345,2017-02-07,Institutional Improved Cook Stoves for Schools and Institutions in Uganda,Uganda,,AMS-II.G. ver. 8,31286,https://cdm.unfccc.int/Projects/gotoProj?id=CarbonCheck_Cert1486462226.32
PA,10330,2016-10-28,Fauji Cement Company Limited Waste Heat Recovery Project,Pakistan,Germany,AMS-III.Q. ver. 6,28648,https://cdm.unfccc.int/Projects/gotoProj?id=KBS_Cert1476851159.75
PA,10077,2015-03-17,Reducing Gas Leakages within the Titas Gas Distribution Network in Bangladesh,Bangladesh,Denmark,AM0023 ver. 4,4378506,https://cdm.unfccc.int/Projects/gotoProj?id=TUEV-RHEIN1418008670.0
PA,7100,2013-01-23,Los Cocos II Wind Farm Project,Dominican Republic,,ACM0002 ver. 12,112489,https://cdm.unfccc.int/Projects/gotoProj?id=RWTUV1346067874.54
PA,7093,2012-08-27,Los Cocos Wind Farm Project,Dominican Republic,,ACM0002 ver. 12,54183,https://cdm.unfccc.int/Projects/gotoProj?id=RWTUV1346059974.32
PA,3370,2012-05-11,Amman Ghabawi Landfill Gas to Energy Project,Jordan,Portugal,ACM0001 ver. 11,212064,https://cdm.unfccc.int/Projects/gotoProj?id=TUEV-SUED1265645036.88
PA,5416,2011-12-13,Biogas Support Program - Nepal Activity-4,Nepal,Netherlands; Italy; Denmark; Finland; Sweden; Luxembourg; Switzerland; Austria; Germany; Belgium; Japan; Norway; Spain,AMS-I.E. ver. 4,56487,https://cdm.unfccc.int/Projects/gotoProj?id=RWTUV1321020993.82
PA,5415,2011-12-13,Biogas Support Program - Nepal Activity-3,Nepal,Netherlands; Italy; Denmark; Finland; Sweden; Luxembourg; Switzerland; Austria; Germany; Belgium; Japan; Norway; Spain,AMS-I.E. ver. 4,56919,https://cdm.unfccc.int/Projects/gotoProj?id=RWTUV1321009660.45
PA,4217,2011-10-07,Bujagali Hydropower Project,Uganda,Netherlands,ACM0002 ver. 12,858173,https://cdm.unfccc.int/Projects/gotoProj?id=ERM-CVS1291830806.57
PA,3653,2010-10-18,Micro-hydro Promotion,Nepal,Netherlands; Italy; Denmark; Finland; Austria; Luxembourg; Belgium; Sweden; Germany; Switzerland; Japan; Norway; Spain,AMS-I.A. ver. 13,40535,https://cdm.unfccc.int/Projects/gotoProj?id=SGS-UKL1271162312.37
PA,2746,2010-02-26,"Dagachhu Hydropower Project, Bhutan",Bhutan,Sweden; India,ACM0002 ver. 7,498998,https://cdm.unfccc.int/Projects/gotoProj?id=DNV-CUK1247228633.76
PA,0490,2006-10-07,Catalytic N2O destruction project in the tail gas of the Nitric Acid Plant of Abu Qir Fertilizer Co.,Egypt,Austria; Germany,AM0028,1065881,https://cdm.unfccc.int/Projects/gotoProj?id=TUEV-SUED1151930566.53
PA,0139,2005-12-27,Biogas Support Program - Nepal (BSP-Nepal) Activity-2,Nepal,Canada; Netherlands; Italy; Denmark; Finland; Sweden; Luxembourg; Switzerland; Austria; Germany; Belgium; Japan; Norway; Spain,AMS-I.C. ver. 6,46893,https://cdm.unfccc.int/Projects/gotoProj?id=DNV-CUK1132671435.09
PA,0136,2005-12-27,Biogas Support Program - Nepal (BSP-Nepal) Activity-1,Nepal,Canada; Netherlands; Italy; Denmark; Finland; Sweden; Luxembourg; Switzerland; Austria; Germany; Belgium; Japan; Norway; Spain,AMS-I.C. ver. 6,46990,https://cdm.unfccc.int/Projects/gotoProj?id=DNV-CUK1132666829.52
